{"cameraMode":{"drawMode":0,"name":"Shaded","section":"Shading Mode"},"sceneLighting":true,"audioPlay":false,"sceneViewState":{"m_AlwaysRefresh":false,"showFog":true,"showSkybox":true,"showFlares":true,"showImageEffects":true,"showParticleSystems":true,"showVisualEffectGraphs":true,"m_FxEnabled":true},"in2DMode":false,"pivot":{"x":0.993155837059021,"y":3.4326043128967287,"z":4.699989318847656},"rotation":{"x":0.1972932666540146,"y":-0.0014693146804347635,"z":0.00030701005016453564,"w":0.9803109169006348},"size":11.316329956054688,"orthographic":true}