{"cameraMode":{"drawMode":0,"name":"Shaded","section":"Shading Mode"},"sceneLighting":true,"audioPlay":false,"sceneViewState":{"m_AlwaysRefresh":false,"showFog":true,"showSkybox":true,"showFlares":true,"showImageEffects":true,"showParticleSystems":true,"showVisualEffectGraphs":true,"m_FxEnabled":true},"in2DMode":false,"pivot":{"x":-10.907061576843262,"y":14.750736236572266,"z":-10.013273239135743},"rotation":{"x":0.06354224681854248,"y":0.013447179459035397,"z":-0.0012062805471941829,"w":0.9977937936782837},"size":19.624469757080079,"orthographic":true}