{"cameraMode":{"drawMode":0,"name":"Shaded","section":"Shading Mode"},"sceneLighting":true,"audioPlay":false,"sceneViewState":{"m_AlwaysRefresh":false,"showFog":true,"showSkybox":true,"showFlares":true,"showImageEffects":true,"showParticleSystems":true,"showVisualEffectGraphs":true,"m_FxEnabled":true},"in2DMode":false,"pivot":{"x":2.713665008544922,"y":3.7368226051330568,"z":4.798480987548828},"rotation":{"x":0.18244829773902894,"y":-0.03538518026471138,"z":0.006581582129001617,"w":0.9825223088264465},"size":14.102205276489258,"orthographic":true}