{"cameraMode":{"drawMode":0,"name":"Shaded","section":"Shading Mode"},"sceneLighting":true,"audioPlay":false,"sceneViewState":{"m_AlwaysRefresh":false,"showFog":true,"showSkybox":false,"showFlares":true,"showImageEffects":true,"showParticleSystems":true,"showVisualEffectGraphs":true,"m_FxEnabled":true},"in2DMode":false,"pivot":{"x":-5.890993118286133,"y":3.3765337467193605,"z":2.8288767337799074},"rotation":{"x":0.1529618501663208,"y":-0.01927589625120163,"z":0.0029446352273225786,"w":0.9879937171936035},"size":4.961999893188477,"orthographic":true}